{
    "0":[116.478102,39.879008,[1,5]],
    "1":[116.478923,39.878999,[0,2]],
    "2":[116.479727,39.879004,[1,3]],
    "3":[116.479722,39.878423,[2,4,25,31]],
    "4":[116.47889,39.878423,[3,5]],
    "5":[116.478021,39.878452,[0,6,4]],
    "6":[116.477982,39.878144,[5,7]],
    "7":[116.477987,39.877769,[6,8,25]],
    "8":[116.477971,39.877337,[7,9,10]],
    "9":[116.477488,39.877378,[8]],
    "10":[116.477987,39.876929,[8,11,24]],
    "11":[116.477971,39.87618,[10,12,21]],
    "12":[116.477982,39.875233,[11,13,20]],
    "13":[116.477966,39.874957,[12,14]],
    "14":[116.477976,39.873648,[13,15]],
    "15":[116.478877,39.873619,[14,16,57]],
    "16":[116.479139,39.873695,[15,17,49]],
    "17":[116.47912,39.874244,[16,18,48]],
    "18":[116.479119,39.874541,[17,19]],
    "19":[116.479123,39.874952,[18,20]],
    "20":[116.47913,39.875246,[19,12,21,22]],
    "21":[116.479151,39.876152,[11,20,23]],
    "22":[116.479711,39.875406,[20,45,23]],
    "23":[116.479769,39.876129,[21,22,24,44]],
    "24":[116.479753,39.876932,[10,23,25,27]],
    "25":[116.479774,39.877673,[7,3,24,26]],
    "26":[116.480487,39.877694,[25,27,28]],
    "27":[116.480477,39.876994,[24,26,41]],
    "28":[116.481551,39.877704,[29,26,41]],
    "29":[116.481569,39.877975,[28,30,39]],
    "30":[116.481564,39.878403,[31,29,35]],
    "31":[116.4808,39.87842,[3,30,32]],
    "32":[116.480848,39.878916,[31,33]],
    "33":[116.480848,39.878916,[32,35,34]],
    "34":[116.481797,39.879291,[33]],
    "35":[116.481788,39.878413,[30,33,36]],
    "36":[116.482493,39.878419,[35,37]],
    "37":[116.48347,39.878382,[36,38]],
    "38":[116.483566,39.877952,[37,39,72]],
    "39":[116.482123,39.877949,[29,38,40]],
    "40":[116.482027,39.877023,[41,39,65]],
    "41":[116.481302,39.87698,[27,42,40]],
    "42":[116.48127,39.876581,[41,43,65]],
    "43":[116.48038,39.876577,[44,42]],
    "44":[116.48033,39.876158,[23,45,69,43]],
    "45":[116.480268,39.875361,[44,22,46]],
    "46":[116.480257,39.875147,[45,47,63]],
    "47":[116.480247,39.874599,[46,48]],
    "48":[116.480236,39.874175,[17,47,49]],
    "49":[116.480236,39.873669,[16,48,50]],
    "50":[116.480552,39.873595,[49,60,51]],
    "51":[116.480516,39.873365,[50,52]],
    "52":[116.480508,39.87312,[51,53]],
    "53":[116.480508,39.872532,[52,56,54,59]],
    "54":[116.480505,39.871922,[53,55,58]],
    "55":[116.478851,39.871924,[54,56]],
    "56":[116.478834,39.872523,[55,53,57]],
    "57":[116.47884,39.873116,[15,56]],
    "58":[116.482277,39.871712,[54,59]],
    "59":[116.482302,39.872534,[53,58,60,89]],
    "60":[116.482313,39.873576,[50,59,61,75]],
    "61":[116.482313,39.874053,[60,62]],
    "62":[116.482312,39.87433,[61,63]],
    "63":[116.482301,39.875185,[62,46,64]],
    "64":[116.482304,39.876159,[66,63,70]],
    "65":[116.482036,39.876572,[40,42,66]],
    "66":[116.482044,39.87616,[65,64,67]],
    "67":[116.481658,39.876135,[66,68]],
    "68":[116.481186,39.876123,[67,69]],
    "69":[116.480741,39.876135,[44,68]],
    "70":[116.483608,39.87614,[64,73,71]],
    "71":[116.483616,39.876707,[70,72]],
    "72":[116.4836,39.877084,[71,38]],
    "73":[116.483896,39.875671,[70,81,74]],
    "74":[116.484692,39.874048,[73,75,76,85]],
    "75":[116.483104,39.873682,[60,74,89]],
    "76":[116.485539,39.874193,[74,77]],
    "77":[116.486446,39.874077,[76,82,78]],
    "78":[116.487074,39.874201,[77,79]],
    "79":[116.486986,39.875003,[78,80]],
    "80":[116.486982,39.875633,[81,79]],
    "81":[116.485582,39.875655,[73,80]],
    "82":[116.486435,39.873767,[77,82]],
    "83":[116.486113,39.873323,[82,84]],
    "84":[116.485823,39.873187,[83,85,86]],
    "85":[116.485147,39.873117,[74,84,87]],
    "86":[116.485946,39.872857,[84]],
    "87":[116.485501,39.872429,[85,88]],
    "88":[116.485748,39.871931,[87]],
    "89":[116.483404,39.873047,[59,85,75]]
}